247.0, 9.253568036572476, -35.42401674604485, 21.229054233693002
626.0, 10.865004757589174, 10.577864884573282, 5.656902796473704
368.0, 8.63746093684548, -58.333456820672524, 21.349656524168267
497.0, 8.484264133617017, 9.726219663064496, 1.9979392450980258
428.0, 10.128319681546346, -50.05479478971283, 8.094282441492735
693.0, 11.371083457090789, -4.968403821122982, 7.893897215392576
877.0, -20.93086092590706, -57.81526102095732, 16.07563497072965
842.0, 8.623764714067292, -32.21534324576752, 28.041900279103547
792.0, -26.462301662725135, -53.76028668790581, 23.209264407120045
342.0, -39.32789845128144, -36.1043322085195, 29.730874499536988
609.0, -6.914852797787762, 9.833022142436823, 5.535349618445163
189.0, -14.914339004468056, -63.64871615268131, 22.88991918867829
501.0, 11.135825594658451, 9.952634829445241, 5.774411033965008
287.0, -39.109313169080664, -36.624478161761694, 29.638819142635807
830.0, -61.93299801425302, 3.095536798198966, 28.820206339951817
874.0, 11.080542368368347, 5.545760397437556, 2.057606887672406
311.0, -28.636422837294376, -51.281433962597184, 16.81248599295415
581.0, 1.7136495769007445, -68.47152334637562, 16.107232001433513
137.0, -46.72862686455726, 9.294425512627932, 24.940383113430173
283.0, -39.030474476632136, -36.89574546032251, 29.559873394711783
192.0, 10.632303578165136, -36.299235839737406, 14.523076043227544
668.0, -16.487351424322444, 10.861840977596033, 30.915469122086762
475.0, -12.395777117128851, -66.15506775614553, 28.96017529028264
524.0, 2.380846655435644, -65.56630911881531, 3.6059148646280588
536.0, -34.43846807004861, -43.40210408963768, 9.703495621648113
2.0, 9.151759685963274, -36.145090531499115, 32.887193796882734
491.0, 7.600430608898006, -56.904123303283946, 1.7136504419472804
441.0, 10.47643753882687, -23.302352951330615, 13.769820886196017
204.0, -11.067260588281565, 10.195308978638307, 5.513127257166065
818.0, -48.48431377475965, -32.67163455872958, 22.48020197009714
698.0, -21.789836232853418, 9.702687743397066, 5.328521470162802
737.0, 7.322945599711541, -2.8945697741103813, 20.323543014813225
866.0, 7.190989406502989, -5.269430313029533, 20.558702904925326
891.0, -66.0537593367201, 2.047787630360117, 17.406693950208425
321.0, 8.8237809386391, 9.030149942569421, 26.784870739033767
135.0, -27.248656935279264, -50.2580447186916, 8.075667303440705
214.0, -4.604326905343732, -66.22618617123634, 8.643060334659372
252.0, -15.924922367361782, 10.174481681788315, 5.331698519327072
250.0, 8.541866005090206, -21.13228257001596, 26.51254338957855
483.0, 3.308305611311721, 9.433075875151996, 2.4452096659976728
742.0, 9.438010705932916, -22.991228116495364, 32.37783006188413
384.0, 8.922106341665788, 8.923812263643438, 19.830945874020387
887.0, 9.992246991337831, -17.209962561808716, 13.38105719337592
258.0, -0.4157021461732626, 9.975778760042354, 26.390432817102788
827.0, 9.996941740585331, 10.506429677100261, 12.489531203059473
338.0, 10.876173679921468, 10.563235719781533, 5.659032715691663
386.0, -53.48111289978527, -20.911849698955304, 4.9582193698711805
465.0, 8.211927606433102, -11.597608019051028, 26.939434913714486
868.0, -62.473750949242856, -4.538619398066238, 29.06047956754753
424.0, 10.99975599451105, 7.999529918050171, 6.092161803429825
10.0, -38.965660700670576, 10.106016058586253, 25.23432061603557
727.0, -46.13047833366997, -36.49599008538263, 21.774503331369417
4.0, -13.721396399693152, 10.986950452811081, 25.623615118753985
510.0, -62.995108438348126, -3.2511103992073274, 10.56793132009339
679.0, 12.231872000926584, -18.706690101972708, 7.476296883414003
488.0, 7.28791925671271, -3.584270980174259, 20.40642965609537
637.0, 9.988572650441448, 9.24776700075769, 12.57691195777348
508.0, 1.5024341938145618, -66.06024349943671, 32.79553573308313
12.0, 10.716565691785409, -45.87771803837086, 13.928485379494909
356.0, -43.74699658339242, -31.38493736700704, 29.46259873063083
837.0, -11.523926441484596, 10.506657150552877, 31.023125265583765
882.0, 10.95437852169461, -1.7808089445898938, 7.668799761443732
379.0, -54.130282150297724, -21.431884895061746, 17.12395988994759
340.0, -14.616282070272538, 10.980626469260264, 25.58663085799353
121.0, -56.27802987140929, 7.400091977610154, 25.09913314439817
464.0, -7.384527649429969, 10.628087579251076, 10.89300799507957
19.0, 9.437933053945951, 7.442741312869247, 12.563636303153801
257.0, -29.201951179122567, -50.6403006014432, 17.228805885736946
215.0, 9.984307661342097, 10.48915581003921, 12.485447016196506
239.0, 10.292767434035296, 10.742006110490578, 5.6311128971485855
653.0, -59.77102108170472, -11.849005339206649, 16.34104782620238
885.0, -65.21732923261546, -0.13870039602226883, 16.079449552803627
109.0, -64.66008051312849, 0.29461032894574246, 6.450022516940537
450.0, 8.968745332847694, -10.916021211777057, 32.13750640489084
306.0, -12.102367166684148, 10.801479666423358, 10.97313083791235
14.0, -24.001155506784126, -53.19435313990553, 7.76205297644273
24.0, -66.04467163245934, 2.0337866200396006, 17.389580219744406
856.0, 11.639780523422342, -6.596505279106509, 8.05135054776214
251.0, -5.999897380439313, 10.571703514559585, 18.46771779512529
755.0, 10.956997762065278, 10.478870233048239, 5.676113510131446
96.0, -1.8655752946424582, 10.210828487039347, 26.33721081008294
756.0, 5.420769896952797, -62.74869111441326, 32.929407719091
518.0, 4.262266448524376, 9.426987226731049, 31.66468002484587
59.0, 4.173534781481894, -66.64161936373502, 9.600976136931383
688.0, -0.1648216485154007, -66.13490906693191, 32.87321384009209
102.0, 11.4129570464318, -15.234221589153583, 3.1046877422271044
775.0, -30.16279568475212, 10.384289172524976, 18.03048594039591
638.0, -53.56631970459655, -25.981426738724544, 22.863858962544963
852.0, -21.53269410975458, -57.2769984531395, 16.174235289100572
131.0, 8.027061219548527, -16.087523553554227, 19.289900736462062
525.0, -11.272770494406931, -65.64778456591122, 23.132730921260546
79.0, 8.870082401346707, -9.983822775953447, 14.47332019477561
296.0, 4.649510163536758, 9.509339161755161, 19.088186326098537
178.0, 8.743899890124654, -2.9596871724242244, 31.875243646847203
872.0, 7.192427345808942, -61.787082922744744, 2.4082140683976916
140.0, -5.515378975004984, -64.0533403529086, 33.28418944994874
741.0, -49.3390155916276, 8.155160535530303, 17.467713092709936
170.0, -43.159395168731805, -32.2214464672177, 29.442101411634088
651.0, -2.4733295502872816, 10.284098530455104, 26.295995189277935
56.0, 6.501563134379953, 10.643558222338362, 5.782703720105237
107.0, 10.799478667091348, 7.4707512457270635, 1.9756059940753503
347.0, 4.081612342103905, 10.377223929329613, 5.9807152597862965
469.0, 7.907549537832799, 2.3711652054660344, 27.319265794453937
285.0, 7.7199591692348175, 9.710141950153112, 2.0717731494660727
6.0, 10.115793051993744, 10.135823515898423, 12.569893252542727
402.0, 3.4863522145807893, -67.5199110463417, 21.292565146894002
149.0, -61.2070780108127, 8.327149162726405, 8.862183637133102
666.0, 3.781398402942831, -65.24212074099913, 3.376675529836928
822.0, 4.22287478890174, -66.72936950161584, 28.947743688353025
403.0, 7.042417778956683, -7.8583651508124435, 20.54427136542643
473.0, 10.619408735603503, 10.67240434477399, 5.635307836071579
326.0, 10.283450488672628, 9.131863460987692, 1.945428558733006
436.0, -6.114011443767142, 10.447434168832293, 10.877822517512037
853.0, -14.970458645640699, 10.162699336725314, 5.314053748462901
209.0, -14.076093875771516, 10.16964727773466, 5.339870141623073
534.0, 5.539258411837004, -65.20585856638058, 15.26206591162842
684.0, 3.990243988595715, -64.74199969348476, 32.83655504498877
448.0, -53.25798715204203, -26.32587666888981, 22.845712745908994
423.0, -5.880260714178602, 10.327294583383043, 30.874306609482936
177.0, -54.06760055241543, -21.528247869844254, 17.138980836054454
632.0, 1.700385687886487, 9.333746232397518, 2.5289801011922783
100.0, 1.2808213318023263, -68.54967703871905, 28.476307904576874
764.0, -37.793424319365016, 10.023353553791202, 30.07208887379415
798.0, 8.459858394860966, 5.772674468514668, 27.07730735336755
569.0, 10.040727694587474, -42.8458607846857, 20.930657592063305
782.0, -10.771435203628078, 10.851439588648553, 10.980913751754441
805.0, 9.452970149552113, -23.996232259017987, 32.347303171330616
570.0, -24.549958704471347, 10.638874363913887, 18.147234535752222
824.0, 7.259601655607998, -61.59866476858126, 2.3744554764317627
629.0, 9.935504649495668, 9.448423181402392, 1.9349196079951656
118.0, 10.611265331178382, -0.02358675597935144, 7.409640305582597
661.0, 12.051446610419957, -3.1718469964694496, 2.772047330891249
696.0, -5.3367461249538435, 10.46799712692504, 18.532872710349395
201.0, 10.453143135567203, -46.577225674001895, 7.475255105553842
869.0, 2.00678454675967, -65.95260722207735, 32.77899113728219
725.0, 3.4185817067968722, 9.52369524829949, 19.005475908714438
27.0, 7.440899614768731, -55.23590825489237, 1.5532243827120673
158.0, 7.960544953109438, 9.862302544298265, 19.58044783649983
618.0, 8.951170650867702, -11.989138683861647, 32.16451123746666
332.0, 12.045855949247223, -12.064725731169254, 3.122688031291563
155.0, 6.516834170667888, -60.549081169209664, 32.86753769201361
106.0, 9.71914627566653, -27.587498691679503, 2.3515524875082185
549.0, -65.68567974974941, 1.4396572204847158, 11.238004816038973
552.0, -3.246526587582183, 10.345772381925658, 26.204347878762693
855.0, 9.862975255920972, 8.820151618593563, 12.565657160096285
507.0, 7.568042672743662, 0.4268300117497053, 20.17206233479372
307.0, 10.65076118788109, -29.015955323114223, 14.415945631205444
38.0, -52.97418231476225, -23.016139782981863, 17.47817693347072
187.0, -48.62214753366898, -27.198118084002807, 4.831104878688132
871.0, 7.986822290980449, 2.992872286431934, 27.278169354614214
237.0, -27.58965200191101, -52.790098797759434, 22.97161111185116
564.0, 7.781285160641734, -2.472738757600034, 27.196487296892936
863.0, 7.768328812993263, 10.512336144825728, 12.02659456333221
352.0, 9.482256301566302, -29.778537511367567, 2.0270559823509573
572.0, -36.14446974546584, 7.027659470267512, 4.8476006253345245
145.0, 7.316203465885818, -54.34640416307347, 1.4813164041402387
41.0, -65.70732096800457, 5.370163451058687, 10.596675650543176
343.0, -56.64742344037345, 7.4046945135841975, 4.450501272243198
669.0, 2.8687938358174, -65.51407423779783, 3.5451930678185692
838.0, 8.473684056881183, -3.696826603478552, 13.969147166134858
375.0, 7.422680020128135, -1.6830306787385934, 20.217291160484947
385.0, 11.48853150714938, -14.92660000642164, 3.1036833620588076
665.0, 11.070031214393792, 8.600572119226634, 5.98164901509046
168.0, -61.01106385093331, 5.554446176288865, 5.02518110920776
198.0, -64.51183311847159, -1.9725480206143922, 15.515219869889435
515.0, -1.8171978201808756, -69.03594381957537, 28.155293507365194
393.0, -12.092406890492189, -66.30780588352928, 28.953414189149154
161.0, -6.002390783212833, -68.51959607528556, 28.304166270295685
761.0, -47.00294126051568, -29.589976124761577, 10.809205162217575
594.0, -43.604420929189, -31.668780464139317, 29.445005659465895
333.0, -28.304146501290603, 10.788453128595124, 30.675669890219464
269.0, -47.99633556506487, -33.27453063197537, 22.448093471994504
31.0, 7.0221177624538775, -7.358203161407906, 20.58116351567546
723.0, -41.90483357017792, -35.220114757295235, 10.310296203141062
345.0, 8.43721292782649, 6.822104999704909, 19.763944489952937
713.0, 8.565298008628837, -24.128920396870523, 27.077765508727726
854.0, -0.10142058479636254, -67.78157553937213, 10.557145046477684
116.0, -60.27116821351151, -8.985203517891533, 5.224713084036604
346.0, 7.878945260215482, -9.962490847360193, 26.990205102151435
138.0, -64.1682928497723, -0.7126820833189956, 6.442332057877828
267.0, -41.43887919954461, -34.22068248664198, 4.283066102875982
282.0, -20.756691384486096, 10.38507058009785, 10.871231902331553
610.0, -56.20264138972204, -16.362384434175876, 4.893454370781926
484.0, -63.49201799925372, -2.8053656980398824, 28.547193649152526
754.0, -10.820697890942549, -66.89907322821126, 28.923934561114578
184.0, -5.736653212323021, 10.417907176054802, 10.911044011815326
788.0, 10.648547503954429, -28.23232456151191, 14.311529777952957
603.0, -1.207170862259585, 10.53480603549763, 11.733618539423967
522.0, 8.71913802332764, -50.103382112564525, 33.127628701758994
521.0, 5.802446498222458, -46.13894730867339, 1.2025969456130172
699.0, -57.11239858639526, -15.350187694132432, 10.769952808763913
394.0, 9.856032955721528, -52.450194488866124, 8.444603740056337
580.0, 9.22047323745388, 4.901993552073623, 31.79871971570842
113.0, 9.444512614020683, 7.451805848962194, 12.564494070833499
193.0, -32.84434876465331, -46.74306566992176, 22.99245938307839
80.0, 10.511256574938857, -20.269669430328957, 3.0839090692937776
16.0, 12.165151858546695, -15.9303177250645, 7.5139986936824466
217.0, -31.410436997319643, -44.15018634332842, 3.4645816631046973
648.0, 2.919433461108037, -65.55593503319618, 32.7906389277658
599.0, -4.899672584173663, 10.246014131865621, 30.896388295577268
498.0, 6.909723799233367, -62.404139555772765, 2.5252884481969815
879.0, 7.696451507936212, -11.31080380471873, 19.95405191560905
341.0, 8.554567348748195, 6.195614802761068, 27.06733702785495
762.0, -66.28413459057367, 2.9127973555231583, 18.2669735818135
278.0, 0.23022316767235879, -68.87550687831747, 28.19598822678467
797.0, -5.678403987605277, 10.40766940133648, 10.917331738818778
843.0, -21.258412384288356, 10.744034812143802, 18.0108159743554
631.0, -58.74362166547392, -17.9571165975142, 23.61400722926124
602.0, 8.879104743301081, 8.954583843043624, 26.798451257685755
588.0, 10.086537783715032, 9.781003234348498, 12.578755966343412
606.0, -22.599080687601024, -57.518158737400086, 22.890988989425736
182.0, 12.178956953068473, -23.208917708348856, 7.7083703829736665
562.0, 7.896146336409079, 10.527016357402598, 12.027850186681217
248.0, -66.829595324056, -0.04009845750158136, 22.90032616268597
466.0, -66.17531577516041, -3.716619461265408, 22.460533179851673
579.0, -25.69392028103032, 11.151670339572124, 30.808202553069638
595.0, -32.9808202409436, 7.718467372286941, 5.150319489419694
190.0, -57.02918995570334, -13.495462512297273, 29.950280933571253
293.0, -64.05865687897476, -1.4487874763245203, 28.257642880847122
516.0, -42.484992120611956, -35.2124553867629, 18.74182336995164
748.0, 10.265084433064608, 9.159206937981562, 1.9433869958349352
315.0, 2.4702736138097254, -68.10935986032435, 15.973545772515257
523.0, 8.293686853745339, -0.6037367904013502, 13.467131832215092
675.0, 8.826569014310651, -14.77605948973298, 26.900831331633718
359.0, -29.127731968765264, 8.474810585017329, 5.264587199161468
456.0, 8.953364272857364, 9.291146942747632, 19.854645053394023
840.0, 11.058909514987343, 8.453370283642828, 6.007153436641215
30.0, 8.964960889004923, 8.15858156667846, 26.9177444809356
208.0, -37.7738869442354, 8.493987183013123, 11.315018906062761
724.0, 9.1297946139633, -57.72683529774894, 28.90892826125954
123.0, -8.052808267226036, 10.853836444643532, 18.373113090575863
426.0, -66.83488334154524, -1.492324303073573, 22.251989244961912
162.0, -10.962471182863602, -64.40627861596501, 16.212533562268373
72.0, 8.023129052700193, -14.239074268304423, 19.504157667819563
303.0, 9.561755897468123, 7.600452306152787, 31.57005502357856
615.0, -0.7106563066759112, -69.27188514123112, 21.392805531788362
154.0, 7.908869780499351, 10.778261496712068, 5.732057301466744
758.0, 10.903487778253396, -1.5049513362224984, 7.637622323350232
111.0, -62.35956688508519, 2.8163130209779745, 28.769429092787444
219.0, 8.77067799562875, 7.12878391928069, 27.026858679060567
682.0, -7.042476446804563, 10.579958760873385, 10.871698863770659
268.0, -13.153944902477626, 10.180248748017865, 5.410500492437929
146.0, -60.27928944201476, -8.984615384246517, 5.227686918755748
317.0, 5.491073816734784, -65.27148486362533, 15.272478547285743
85.0, 8.819816038087449, 8.436961384114591, 19.79098937841282
707.0, 10.237688344337323, -48.96615511340261, 7.902917091305531
643.0, -12.760512012522145, -60.48353775656925, 3.843373065588416
636.0, 8.737044607876888, -9.323484926829876, 14.538587941418802
683.0, -60.839850862205495, 5.668244368549278, 5.0083429147474385
256.0, 2.6161262406873766, -68.02626828746521, 15.933766562400304
726.0, 9.180556277916143, 4.595013883504862, 31.811394124926295
729.0, 0.4015864344998619, 9.835299888294857, 31.421675538384008
809.0, 8.603906538172255, -29.95027276528394, 27.750643927815904
126.0, 4.776938497174563, -66.22954132589442, 28.95157205351172
719.0, -0.5066097561992144, 10.561659841499644, 11.852158990481561
304.0, -2.831901366817787, 9.855656658264694, 5.943633700388656
692.0, 11.13818208283597, 9.290240609491743, 5.871845893842277
849.0, 10.074628131690146, 10.35299189508648, 12.538175640382267
39.0, 1.6084165437183577, -66.04491320131717, 32.79038632131668
789.0, -30.649705266076886, 8.175149523927299, 5.230004077392014
624.0, -33.53486483118195, -45.148862304305275, 18.289541158097272
621.0, -50.454109757551244, -23.274432746928987, 29.709504274244225
415.0, 10.82060409680778, 6.817113466884416, 6.3381272042911885
433.0, -58.4580069291059, -12.92123310271515, 10.630674175210899
601.0, 8.760498528205833, -4.124050011287506, 32.002234978948145
410.0, 8.093381569168066, 3.696938934908498, 27.20341480597499
75.0, 9.722898712261667, 10.792298327449545, 5.650998240071071
832.0, 8.971212178321702, 8.225826999613856, 26.906900263483095
222.0, 6.069209480120809, 10.481886690200607, 12.129186670398273
259.0, 8.067355929301913, -11.085096617841483, 26.941232231776628
815.0, -66.4930358849818, 1.0750701353335705, 23.75977305349162
395.0, 8.801077534482548, 9.047336476484734, 26.77687170942006
134.0, 3.614756932004229, 9.459916955937073, 31.638834784064933
816.0, -51.52890556952505, -21.468773660324857, 29.910158285698305
387.0, 7.9875832991257365, -13.511913719589291, 19.63577937763248
691.0, 9.367906486273467, -36.91613118781523, 21.20841624960193
600.0, 12.078822771858707, -13.471348454281431, 7.961775120351688
105.0, 1.2584259307139751, -68.64066575486687, 16.13611813072211
262.0, 2.5053944165155033, -67.46995621754783, 10.09947250787729
357.0, -20.13245454418757, 10.47002106784235, 10.912225096404136
223.0, -64.08952841995271, -1.2765142784737755, 28.258553439915765
7.0, 10.03219666659797, 9.447818333867064, 12.580201613004618
370.0, 9.282270320288225, 9.028612044860832, 31.435486362671078
78.0, -24.184717639809122, -53.032014534442055, 7.803258923131699
300.0, 8.460354981616884, 9.310330281718189, 31.507544287952367
207.0, -55.272115652582954, -18.526621001738746, 10.462701423558617
634.0, -5.923154255472855, 10.332418163921243, 30.873698009751767
416.0, 1.5826629427012235, -67.6836868478146, 10.205417801924828
533.0, -10.838570305838706, 10.198993331016833, 5.516089885494509
720.0, -28.193494143559285, -51.056198171319906, 29.413633326426798
180.0, -38.274035914427415, -39.273036558193226, 9.733924238685463
793.0, -13.360792440111416, -61.250933270992874, 7.784680430048338
892.0, 11.276030507457321, -33.329366393930286, 7.522190435346456
129.0, 7.6018793198328, -59.968739109658344, 2.108157293056923
578.0, -0.41592096369173176, -65.3231950874907, 3.8194801343497473
15.0, -64.22138022740671, -0.6022795436541959, 6.459910438793174
704.0, 9.444290452434569, 9.650846024014596, 1.940539515175128
527.0, 5.489184708433768, -62.636532336099165, 32.92590594395351
825.0, 8.795064054800854, 1.8526725071455166, 31.739251721934316
163.0, 11.025449852620998, 8.179244436383597, 6.055559369096445
875.0, -22.657194446310132, -54.43292345817661, 7.450472090849073
591.0, 7.682156949120029, 9.331332665386057, 26.68612925213551
211.0, 11.919856094414293, -25.958874491407464, 7.930231786111691
65.0, -42.146691119457486, -33.497526387367564, 4.3694773698413405
630.0, 5.689450108536824, -62.29396701691667, 32.91213799562277
408.0, 9.126827600823582, 4.252073214572612, 31.82040612498111
751.0, 7.952071695973156, -6.273746824394757, 27.022617364582363
327.0, 10.963609200462207, 6.3459802057944374, 2.012556383325303
844.0, -22.63227683255588, 9.595333952642504, 5.333955114127132
151.0, -64.45083199512591, -7.730331006603678, 23.23381625464578
183.0, -58.69927043203668, -10.415436852271696, 29.979965151791458
376.0, -39.23810735818991, -36.26890910267357, 29.713337855926973
778.0, 6.992893190190053, -62.2466016418745, 2.4943201950992564
529.0, -2.47628776933497, -68.9638567857923, 16.643022998634283
194.0, -64.11759517327287, -0.7477343765300163, 28.319877286901587
640.0, -36.072372419127035, 9.765570178589757, 17.687060503950086
509.0, -1.1091055728068269, 9.2886282317738, 2.6456786970640382
565.0, -11.218968939623464, -65.85496720409733, 22.941603682661274
74.0, -3.952154472324733, 10.37263012204351, 26.088213848171968
261.0, -9.265365369595367, 10.498803207401812, 30.91650080264438
736.0, -66.26106488630533, 1.5502709865034343, 24.03539071352196
125.0, 1.5724381104397585, -68.52920279406204, 16.118778982603153
671.0, -64.09338829534003, -0.4277853343147165, 28.384130181020996
276.0, -35.717654086260886, 9.799221283642142, 17.718748566927474
559.0, -58.35626404412682, 6.89976393597751, 4.710035620900809
412.0, -46.321313984153846, -36.20088161349291, 21.810888160988867
411.0, 8.957791448980009, 10.797818042873915, 5.694285444956809
796.0, 7.764069145404816, -60.79009468234613, 21.544780563987743
701.0, -26.68719871944626, 9.892935741884424, 10.948712843498093
313.0, 8.985452110077919, 8.43981137446201, 26.876793570700688
98.0, 12.45145826053645, -7.312231699791826, 2.9396985917379395
826.0, 8.79445869413658, 1.6509637232572787, 31.73385020031848
84.0, 11.095166414223685, 10.206590881953638, 5.731461151785952
62.0, 6.968952740474596, -62.28997046422929, 2.502785878437421
365.0, -51.43218229306634, -21.64124260368024, 29.88630247163766
500.0, 0.6114523928823528, 9.829020571189854, 26.438655859932254
476.0, 11.081918739554801, 8.682565405139156, 5.968266856159189
847.0, -5.544871204659141, 10.408365855055226, 10.934315593804428
86.0, -63.5061169468736, 1.7332362190942054, 28.57835212649869
224.0, -34.60660509133215, -44.09399322865121, 18.318316370396143
663.0, 12.217663793431429, -18.00755617863078, 7.447178633295775
496.0, 4.913856620489514, 9.41486041838658, 31.679474629032647
380.0, -11.609980987676138, 10.815421131908966, 10.975941014813225
495.0, 8.48250464405521, 10.568446019310603, 12.056565383156093
858.0, -11.588853589215036, 10.187989656721285, 5.501667507064605
286.0, -66.74584674759782, 0.334719870934932, 23.190577247121595
617.0, -66.84320972196255, -1.42854264490471, 22.26178608960113
58.0, 11.589267750009231, 1.3695544565370874, 2.4340128376086754
319.0, 7.362118828130033, -2.3942262204715843, 20.2689432894875
264.0, 6.520359800020371, 10.49930202426751, 12.111134286498984
695.0, -11.059130825089513, -61.64558158040889, 4.032934280477962
890.0, 3.6956027140339125, 10.540365310163784, 12.152391266116242
431.0, -58.39818715367952, -10.884045513465434, 30.02849139636661
674.0, 9.241865782251109, 5.111192909273281, 31.7883512841833
759.0, -35.443131395005516, -43.24923707107482, 18.39482709568727
550.0, -34.05787669541099, 10.534960350528495, 25.411645922469848
382.0, -14.348164303105097, 10.71649420188952, 30.963899891009117
807.0, -41.725064480681574, -36.09659104042869, 18.860098744256433
136.0, 9.334354843402508, 8.991758300225849, 31.43523873739939
18.0, 9.467368356178632, -28.463105983573392, 32.5146873919858
836.0, -64.86110457041727, 2.1165317379839785, 6.149575131574987
329.0, -45.349270262192235, -31.92005233100072, 18.548116200867614
234.0, -14.221491740446899, -65.13832261972519, 29.001874859750878
861.0, -50.38959272433628, 8.046406425400821, 17.56318007959877
273.0, -52.16817038943959, -27.662865443254255, 22.72888590899817
471.0, -43.42358702667263, -31.939452280837294, 29.433535247806454
115.0, 6.975396795457746, 9.694081033611068, 2.151392688697133
718.0, 0.16066155818052633, 9.911469012740026, 6.060613593766842
660.0, 2.3474292220762667, -68.32949254544542, 21.337964013258798
110.0, -10.218164610913254, 10.181988103935847, 5.515778279153308
722.0, 9.08887659014472, -33.2562424444178, 21.143323545037525
437.0, 7.265657627462098, 10.722717351064638, 5.7503237818187785
753.0, -33.10232737720544, 10.034781823128577, 17.8484583944956
646.0, 8.7118849178329, -33.01163794854666, 28.239502624511406
462.0, -53.10063087275882, -21.7608605320932, 10.509917655240654
291.0, -11.114673706004401, -67.67509998876085, 21.09729290513491
900.0, -65.51668627414739, 5.689825183145957, 10.486575564783788
76.0, -66.73505492175185, 4.433408385919545, 19.185473336589506
40.0, 7.069618897306686, -63.352986309611325, 9.116999898542113
481.0, -65.77105797564946, 1.6052211254495525, 11.306039287468156
124.0, -64.909690319631, 3.129266273696454, 25.042405262360724
641.0, -2.709064891848675, 10.462815705008836, 11.451924280310163
413.0, 7.8615760002749155, 9.330975799823731, 26.697481744777406
537.0, 11.00374942383225, 6.098959811467675, 2.0245717873452267
444.0, 10.671789434831478, -32.1755113092518, 14.63742983261519
60.0, -50.418683454877694, 6.682997200571854, 10.436122174103868
803.0, -64.70702696650308, 0.4146427406853285, 6.426428869562197
662.0, 9.855956605637498, -52.448828161679934, 8.444276325701802
108.0, -53.065410793030395, -26.554598621065875, 22.829939154306714
50.0, 9.593581444066086, -53.5407428856346, 28.578692032013205
857.0, 8.913014155814462, 7.785700637072547, 26.96555631882968
236.0, -64.36754847781002, -0.30803806056425515, 6.4939019679005865
821.0, -62.504005408398676, 8.327469273597035, 9.65537126995674
226.0, -66.2057297761214, 4.123666817655281, 19.393154340745067
673.0, -49.91563723970822, 8.091961147301452, 17.519062011737336
538.0, 0.3818738365597025, 9.94114536788847, 6.061212443604862
389.0, 6.942351500864185, 9.714817636867624, 19.357029604965597
780.0, 9.380731541826645, 6.62149598196987, 31.678023319387265
117.0, 0.43712575631048123, 9.943281911882078, 6.0622843654870335
745.0, 0.8520790094627801, -68.88428534439545, 21.515893659617042
197.0, 10.659521772950592, 5.8712967960509115, 6.533965688373029
577.0, 12.43646569648579, -7.862495274126293, 2.9427324980669938
185.0, -27.213824462227713, -53.12295067664184, 23.052815857292774
430.0, 9.855902657525933, 10.619370098659061, 12.423794473745016
731.0, -63.312622171455246, -4.593239096676977, 15.202779408764698
596.0, -41.68757823171513, 9.820030770621393, 25.05279540808343
371.0, -59.55994499075057, 4.500910952247666, 28.812839131812805
738.0, -12.156325165222418, -57.91878931688229, 33.55299958890825
270.0, 6.728130853615047, 9.687546021935244, 19.319525397176072
576.0, 8.749961055816467, -3.819366141156804, 31.97003259282895
791.0, 8.126435924888652, 10.5480011477418, 12.033835624840375
519.0, 8.913778779770311, 9.72401510783509, 1.96615399181374
553.0, 7.2296464694950044, -61.675834124206006, 2.388252590723723
52.0, -42.38526569425219, -35.34006038195738, 18.75778267313679
174.0, -43.325512011625804, -34.22693710971112, 18.687201923217934
667.0, 7.023482287223728, -7.670677337005557, 20.558702778374947
451.0, 11.917179638995636, -8.237256251313687, 8.20589097393835
716.0, 10.654620705561756, -29.97142132909385, 14.540391171790025
157.0, 6.583369744003329, 10.481178039763883, 12.100170568103426
83.0, 10.628918468023212, 5.654057011447964, 6.573096262560082
139.0, -59.634055669666544, 6.3628937892842385, 4.8804920321868
468.0, -37.85441435752144, 6.60816313189624, 4.531295949189897
766.0, 7.557439164699899, 0.2918913701015996, 20.175960755506516
860.0, -64.04576984349164, -0.10729772551411705, 28.455147696673667
811.0, -6.432967045657389, 10.644038890230092, 18.44240039183598
554.0, -19.04763521504398, 10.911649250611642, 18.006169885568752
773.0, -66.86093302039116, -1.3134697567434321, 22.278115246876844
350.0, 8.672222082943117, -51.46457785502304, 33.05481450896234
677.0, 9.415217055591896, -16.36293704343692, 32.45859327440863
458.0, -0.23801812604933345, 9.958691016710574, 26.397166044203612
656.0, -18.38256233605515, 10.6763848025524, 11.044244473755125
895.0, 9.6241683194984, -13.243901366523108, 14.072502473206043
166.0, 7.412677334487939, -58.122645030804186, 32.84058221043452
265.0, 8.945639450364066, 7.981943550691202, 26.941294431872688
583.0, -58.67108647669318, -13.956996756394233, 16.48863573585485
308.0, 7.944200936593262, -5.571466561061771, 27.118752390872487
409.0, 9.026891436694441, -8.569802173599529, 32.145223965043044
334.0, 7.523685888049354, -55.94490814364856, 1.6171303141475135
530.0, -65.83054082128702, -4.635855736311373, 22.582243564019073
864.0, -27.268212613056576, 10.907182842616068, 25.378639168352063
528.0, -31.72056734372793, -46.703580202720296, 29.288541670359866
685.0, 9.656206316273137, -53.6926252810111, 14.007079073049121
400.0, -30.755364833588086, 10.681708333497493, 25.30668011149799
493.0, -28.455875892088976, -50.685679688965216, 29.413450571845324
485.0, 8.594594595444882, -30.512644775452273, 27.795658559995804
831.0, 9.275448394640062, 5.581237314504127, 31.76245591764312
263.0, 7.783624295026289, -1.8756200033613624, 27.181746415333016
66.0, -32.34980527902406, -45.56643480012124, 9.018851452467084
477.0, 10.020693567497757, -18.124979675341706, 13.333594645761579
54.0, -66.74174811511374, 2.9312920629393595, 16.91894965581946
768.0, 1.8573247512700386, 10.5816058186589, 12.107156736084127
506.0, 11.0201546063587, -2.211787023544074, 7.709827063841018
335.0, 8.557770776536145, -25.911270854596687, 20.076716053847537
51.0, -66.53631662256772, 0.9658534235524628, 23.6831093571965
546.0, -9.994129029904366, 10.858713581589678, 10.994132878482516
575.0, 10.726707612118277, 10.646472285097357, 5.641797708010089
144.0, -66.4028395549032, -3.06361269363231, 22.373768070993542
547.0, 4.360380770100409, -66.68630591747618, 15.498594237795677
55.0, -2.0365966189968114, 9.992036002058866, 18.64620240345059
63.0, 9.258251484355325, -35.54401295910467, 21.229786473035343
316.0, 9.72767807038095, 9.55286753493695, 1.9349722044273037
322.0, 9.13697671461455, 4.30942543898986, 31.819632785302662
77.0, 7.956176863469764, -6.197835535053437, 27.032978526486325
339.0, -4.491155796009363, 10.391740868626696, 25.99486682936513
470.0, 8.919912994302978, 8.932696469056934, 19.830556657626232
240.0, 8.423333859859184, -2.849819543097265, 13.857720720030374
881.0, -17.174319188922873, 11.153812756285259, 25.62769259684925
81.0, -64.64045810519163, 4.321847993588591, 17.83446146617366
613.0, 4.934917675515455, -66.03552092705426, 15.38848204636421
494.0, 1.2654303774251598, 10.049068859163933, 6.065006314487909
730.0, -64.880997349881, 0.9830497737370651, 6.355340019246935
73.0, 10.218760984106057, -49.15049264440899, 7.9366358065289155
556.0, -63.99569299046199, -1.6953804297516915, 28.275274108997742
511.0, 0.47888841882671823, -68.8446104130099, 16.20280499806586
482.0, 9.48201779813722, 7.5714555079273955, 12.56494444997448
513.0, 8.840077887634578, 8.562713715212789, 19.799520067431523
114.0, -64.91423716919667, 1.9842773949385646, 6.19614911056469
776.0, 9.286164186014835, 5.718475891808875, 31.75362288577139
120.0, 11.547707442630784, 1.7589578296094268, 2.3974218586782974
639.0, 1.661242426116185, 9.658515275966513, 26.49383181820876
531.0, 9.730335505473121, 8.334252480361753, 12.565460600489747
880.0, -3.3693758667381455, 10.171085277689611, 18.694249529048744
277.0, 12.276275687629171, -20.237760187403808, 7.518653661719011
886.0, 8.756050555314124, -34.51292778062618, 28.323001149204718
432.0, -65.28224594813037, 0.7256086868073497, 10.928273463864539
156.0, 8.996411260752303, -13.262926026826364, 32.25322672652575
835.0, -62.42924360449509, -4.144395746822943, 10.589807616922247
649.0, 7.840609052374043, 9.857195001559223, 19.55152734621016
369.0, 11.140450639981115, 9.354394153166558, 5.862704241744505
360.0, 8.853961807062264, 7.49809427826178, 26.997163775933036
82.0, -59.77598660526746, -9.96266934732498, 5.150835780659496
445.0, 5.043651398860341, 9.40744135950197, 31.68100050508144
298.0, -59.16655450192188, -9.7085269670027, 29.89054521339733
392.0, 9.543391813865199, 8.765536864374882, 31.43697553052606
839.0, 6.50865205997349, -63.05092225902265, 2.6621802980794094
467.0, 1.8322697918822979, -67.64523678333654, 10.170598332895414
889.0, -19.65378915183122, -60.3169600301926, 22.54562631076364
732.0, 2.411809911300763, -65.80441385442573, 32.7796848668623
349.0, 12.13224067206298, -14.992357556219398, 7.706001954013364
275.0, 1.5557471171509425, 9.65929109500336, 18.848563396071658
20.0, 9.182098947259819, -55.64281342335862, 14.15919238230278
851.0, 7.995753315645558, 9.319018063901112, 26.70675817613307
728.0, -8.125717320753616, -66.34881054654383, 15.672397103297365
167.0, -64.600460841375, 6.751151561386563, 10.070125025881262
486.0, -14.872830859980013, 10.777640097839356, 10.947569754483718
227.0, -31.115848662027183, 9.394419373005274, 11.062816469189821
749.0, 7.565227765348737, 10.509866723819561, 12.03715898794242
829.0, -63.98021219498008, 3.2250398613594773, 5.666400102588477
765.0, 7.2369123199651595, -4.19870000388628, 20.46676104763027
783.0, -20.577476000466394, 11.113682370568556, 30.974065914793833
318.0, -15.303309377875507, -61.829894751311784, 15.34648165950747
472.0, -11.542453019292548, -58.461747751409554, 33.56497082525019
337.0, 0.9089013417031779, -66.11887169533841, 32.826734501319805
823.0, -5.4225192164915486, 10.479651990110554, 18.522411879154042
205.0, 9.388028301388465, -55.61911134627121, 21.149677301232227
744.0, 8.67439858819502, -47.33195742800166, 33.22902591117108
459.0, -22.403323069673306, -57.708071377876266, 22.865557945567698
888.0, 10.318826543687742, -21.60978445401385, 13.566016957384127
355.0, -66.29249348014586, 3.650223631993377, 11.27312885502516
141.0, -56.09824548930565, 7.543529381662135, 4.368537804497015
271.0, 8.195424028029198, -60.571714447744064, 9.114604547864104
42.0, -0.3504021562659283, 9.836596045351019, 18.661158596096303
474.0, -62.38407739342735, 8.370653162172513, 9.650334862017093
176.0, 3.259889531433701, 10.547056827687761, 12.146716926236959
255.0, 8.852306925014172, -56.893057143556476, 14.263039108305797
813.0, -21.810399182357227, 10.718358246777536, 18.038065928608713
443.0, 10.020842197710172, -42.74743761024921, 20.938054536131734
846.0, 1.1679938657033966, -68.6690910991754, 16.141118041861994
558.0, 10.470056690928017, -23.17727481212265, 13.749888526375765
101.0, 8.940919384762907, 9.200044964799927, 31.46078441772697
587.0, -17.824314064182065, -61.75021996675567, 22.599689950931545
231.0, 0.12949325950197133, 9.806664438391255, 18.702020110574743
404.0, 10.93125834832776, -40.11480644551424, 7.133500241597351
447.0, 0.5915336848442609, -68.78599240216568, 28.273473673496778
795.0, -58.559288063797254, -10.631487778717467, 30.003872144226914
449.0, 7.881069833294565, 2.067295127553091, 27.326097388930968
710.0, 7.116733170570533, -53.13688212812042, 1.3973956306112376
288.0, -53.08077089314955, 8.195086665935243, 24.899047532353386
53.0, -53.74121949136964, -20.535445842969942, 4.941497807888322
399.0, 7.255230991459419, -53.89168268852837, 1.4481466966051246
592.0, 0.9734528753947428, 9.311045472233666, 2.562814880663072
232.0, -22.490048448879005, 10.191932066259373, 10.846875323377652
694.0, 10.823987025340351, -1.0741991928669752, 7.580796500643347
150.0, -65.61054955171429, 1.3015620098849559, 11.177385088096568
734.0, 11.157783596579764, 9.76415167041461, 5.800257939162874
243.0, -44.75173759946185, -31.965624096946122, 10.697849875778319
439.0, 10.782996632476372, 7.62544299984469, 1.97166930648944
584.0, -64.73307014161752, 3.292512764617731, 25.112528997178533
703.0, 9.443456661867536, 6.99506302535767, 31.63917277668997
678.0, 9.15655375101751, -36.20852342037766, 32.88680828250451
535.0, 10.053490994785415, 10.427985086050079, 12.524130392972584
320.0, -60.390912092802445, -8.686885528233944, 10.619935975558208
520.0, -59.742524990841794, -8.85462564166808, 29.774020354625534
460.0, -23.80844867185431, 10.644389943949301, 18.125915364195855
551.0, 5.874911257238413, -46.908218090473405, 1.2082710484629806
442.0, -57.340017757296046, 5.622954395163748, 28.900698168336955
585.0, -55.195817582071605, -16.156406765225817, 30.10621870050144
130.0, 11.197263956034327, 4.406845309731398, 2.137776424961886
540.0, -20.49361074101903, 10.424222152578805, 10.887843676948368
884.0, 11.362330394422273, -32.035122495456996, 7.661816732735361
367.0, 9.451740053189592, -29.795099516614997, 32.67722866293793
619.0, -6.143966878272075, -63.650429962405035, 4.105454946106236
9.0, 6.624772923652296, 10.654648048850385, 5.777291157115465
13.0, -9.922701684405398, -65.06223100644823, 16.233874016882815
325.0, -10.541406389775881, 11.00937133974829, 25.81247519032202
32.0, 6.400321305219307, 10.635188223976588, 5.787925511591562
279.0, 5.527927350434029, -62.57217934293048, 32.923563146980406
427.0, 6.6219939314806435, 9.677396181378583, 19.303558590872488
702.0, 7.842161102042592, -8.456943027076923, 27.089621526409623
48.0, 2.5949620735899437, 10.570593068534308, 12.136396393921046
143.0, 12.074765220667786, -10.50031766075634, 8.32814585271998
490.0, -66.14782331533304, 4.289766003702113, 10.989447458013128
290.0, 11.989487536205191, -12.437982480869723, 3.1223663022276473
767.0, -65.96334429782284, 4.821495863076148, 10.783904791927592
348.0, 1.0112337354759537, 9.762272275020406, 26.460925113983855
68.0, -42.70809109303911, -38.77440402313381, 22.69343878763083
366.0, -47.667453293125604, -28.790271937320785, 10.809361368756583
479.0, 1.7079005547876325, -68.47413279995213, 16.108183149507497
94.0, -58.8385975481185, 6.719121516398319, 4.77824775712812
414.0, 9.018373544568487, -58.26360060142147, 28.906813840288347
757.0, -21.77770970034735, 11.200820071911375, 25.670304472804826
657.0, 8.953862354020796, 9.298600211776943, 19.85901095997812
715.0, 5.6404597648142545, -65.3141103474739, 28.945731939103233
567.0, -53.62849987206535, 7.071625369818672, 29.234210469412265
104.0, -6.824335754112438, -68.33746454378762, 28.420299474052364
810.0, 8.064613266820366, 3.5097294921313056, 27.223943315930455
47.0, -0.20959764286917346, -67.78112899157081, 10.5788286817555
883.0, -30.03445676481468, 10.624430909723111, 30.62920896321191
487.0, -9.018183354919254, 10.501980536446606, 30.905555875313556
212.0, 1.2242510983930859, -67.72392057486795, 10.266804160588178
878.0, -3.181223714497074, 10.33208731377069, 26.213815874040876
305.0, -20.100136731664502, -56.45902732211427, 7.083234735274625
378.0, 7.1679846127302405, -5.536291936609394, 20.579760722555534
228.0, 8.79420051137093, 2.0505359758516817, 31.745607663135612
160.0, -59.804243506264825, -10.171682379983679, 10.552262459694514
429.0, 6.359576797326198, -63.250905779480384, 2.708494575234978
383.0, 10.31858310070181, 9.08290674282094, 1.9470565279523397
705.0, 10.965262183931648, 10.476243213539552, 5.6789375204612265
422.0, -29.787569774659204, -47.907027835655086, 8.34670167914268
817.0, 10.47364965666423, 4.857756855327378, 6.695194803099729
310.0, -31.314926268910316, -48.53111096172756, 22.85348567891585
407.0, -4.667380074233327, -64.78839216736984, 33.174408900947014
644.0, 5.08878901373707, -65.91534849508074, 28.948945554645412
605.0, 7.178284619364448, 9.3240898100281, 26.650080192901495
841.0, 9.244054749364107, -32.69214587808352, 32.81925378572025
64.0, 10.799838261593283, 7.4980185519701665, 1.974228180917924
238.0, -3.969222749463717, 10.364683196037248, 26.084430650191425
628.0, -51.62048809011739, 8.661600830484868, 3.8533241916211005
171.0, -38.431039427656934, 9.938213839899284, 30.063344787278133
89.0, 7.765498876481905, -3.799942911460074, 27.17720488535353
295.0, 10.103712172778899, 10.253484692163667, 12.556519809212846
336.0, 9.419431744392016, -19.643348353300116, 32.45162294976268
772.0, -1.6483487699899058, -69.38861009157357, 21.366799699213953
372.0, -6.672135531480542, -68.29420220939257, 15.622926371022695
61.0, 5.863185975965927, -61.95333500111806, 32.89923970913129
627.0, 8.029579147530999, -14.51765700582575, 19.455691245273844
373.0, 7.077439351008693, 9.74048504119701, 19.38241079345493
770.0, -56.28687247603608, -23.158648899038198, 22.451132132508565
49.0, 7.783761777944713, 9.712082427897274, 2.0650358039798196
70.0, -38.73045345313494, 10.134911567933392, 25.26677444028842
128.0, 10.272641803457905, 3.456604850392123, 6.853773289506748
790.0, 8.270016578717396, 9.345447610942319, 31.52523508152175
165.0, -27.157593156310316, -52.49992471007064, 29.40064629265179
573.0, -35.18800283933812, -40.110879246738676, 3.5388001960296736
806.0, 8.021035071337378, -17.85400674453692, 19.291621773288906
899.0, 2.5981425990400946, -67.891857582881, 28.81116428883632
658.0, 8.02529108713645, -40.47339120871301, 1.0678506716412624
779.0, 5.297888339605189, -65.55030501343435, 15.314442514947263
571.0, 3.3626167086572623, 9.352610777794968, 26.518318682173938
26.0, 11.822710296877364, -7.65022690317259, 8.150052852621286
181.0, 8.975496696746852, -57.198306139273576, 21.263888345588718
574.0, 9.185171753650113, -33.530143568897756, 32.8206664059757
750.0, 7.758946289962431, -3.4859844507724396, 27.178383488439856
453.0, -56.62882352641187, -22.48403590102134, 22.639289414905836
29.0, 11.65460812396866, -6.645960413495469, 8.05635760583157
353.0, -60.61780979958647, -7.5019431224118245, 29.605868950817797
425.0, 11.480349565147302, -14.95515631420895, 3.1039727796894
92.0, 10.376188773941916, -46.17983997871909, 20.567103123116823
147.0, 11.067891497557977, 10.301472640750433, 5.712868402575806
597.0, -38.79007885271245, 9.51270240238239, 17.502611393113867
622.0, -21.486344908742065, -52.126367185522874, 2.849462563661592
625.0, 8.749318509656124, -9.399613678466235, 14.53265153035871
478.0, 12.049609003509467, -3.1756070170428496, 2.7727433934556482
784.0, -63.02389241449845, 8.032607835964553, 9.649654338305357
351.0, -66.08606796448733, 4.483807876670257, 10.910289118802252
374.0, 7.898164633028683, 10.780613776172208, 5.732810500840823
544.0, -7.598498766062017, -61.96614194850684, 33.48430761107208
763.0, 8.736938564025978, -35.95553000151917, 1.278283116674598
281.0, 12.092136672979573, -13.930366238071402, 7.921513232907403
398.0, -52.533431730451696, 7.776298258992047, 17.751424249536544
28.0, 4.251682677344266, -66.70497489908398, 28.948458687543077
309.0, -65.77082872646429, 1.596102086175617, 11.306102353148354
213.0, 10.781864300317574, 7.59241579720574, 1.973142429330301
323.0, -0.015583267430099032, -68.92185809505536, 28.158786359219135
95.0, -39.517429963925665, 9.441219827716184, 17.51544851706845
8.0, 10.38444654878687, 10.733212223598978, 5.628208536622992
299.0, 9.464878244132198, -24.514707182228044, 32.330768361017505
645.0, -61.93365844865198, 5.162010602776916, 25.35834500823322
894.0, -65.25887844418315, 0.6909889196664954, 10.91205788854085
799.0, 12.07758091146297, -11.806378088200209, 8.181451728986112
344.0, -54.581460034339806, -19.17599870023237, 4.902934645120928
740.0, 8.833959522604783, 7.4433160677179275, 27.000744713227505
249.0, -57.37692302914717, 7.069204725868612, 25.188088230382075
655.0, -34.76154798058945, -43.3862849178134, 28.8372317334585
635.0, -54.40053724863993, -19.479734088161432, 4.909378458140355
297.0, 8.286999307307946, -22.552102493852747, 19.668964628195763
199.0, 9.938668644636037, 10.553943184454145, 12.462688283077947
808.0, 8.864457246489625, 2.834964536058089, 31.780358176959634
69.0, 11.277191028221385, 3.665562671043731, 2.199481936503206
862.0, 8.948627797890248, 8.004418232311565, 26.938882872476285
36.0, -10.137556580783663, -67.18484186730653, 28.908197563280254
786.0, -51.77384674808203, -23.604056878512942, 10.456818690294618
23.0, -48.934253767635695, 8.975165146659247, 24.913510980228942
438.0, 7.13492748288416, 9.691527400142713, 2.1344265071056667
820.0, -14.251787797891117, 10.167687987756144, 5.330639439747693
876.0, 1.1933288644894764, 9.746628431130103, 31.483660364690795
502.0, 8.517430259332844, 9.309385394941401, 31.501414937341615
542.0, 8.113959942280893, 5.032158690277216, 19.843432625756044
804.0, 3.9388710150023876, -66.78532470439436, 9.703478627386898
164.0, -18.55460573982213, 10.99255725360025, 30.923587450092768
680.0, 9.449726626404193, 10.80323813388202, 5.667982084654988
747.0, -36.06919956518601, 10.247471196611844, 30.161706530369663
700.0, -3.7161435345396963, -68.81628174867107, 16.516398999239005
377.0, -33.18996961512627, -45.036879627023616, 29.133808759106405
260.0, 9.50140979938222, -38.32947067879685, 21.117253158868934
672.0, -29.912997309655946, 10.422422416663949, 18.050081204105627
246.0, -27.48643478180501, -50.04462944916831, 8.093686968536254
802.0, -6.937652607574455, -63.40400505199822, 4.135175063935283
418.0, 11.734809183376013, -13.78859667834231, 3.1088474261844645
17.0, -2.9389724248443523, -66.8803505960673, 8.195409796574365
670.0, -66.5236528787207, 0.998971659090981, 23.706739295655
785.0, -24.578464612389936, 11.266794897067118, 30.86655182859615
897.0, -25.804408433169574, 9.106093241640092, 5.324558247124344
22.0, 8.619146251792294, -26.600256331600544, 20.21006259569997
401.0, 5.004821931139692, 9.407193721120935, 31.68077096120464
543.0, 10.605985486434571, -26.007531298834728, 14.09321832579985
37.0, 6.107266597895895, -61.47095555414724, 32.881721761748665
566.0, 2.6968455771084168, -65.53939868975505, 3.568929125978172
302.0, 7.660236983861523, -58.515133894010695, 1.9041225491715905
179.0, 10.33423630314627, 3.9567131977835444, 6.798091267200618
43.0, 3.0733015141689943, -67.24686091907444, 9.999145870019614
452.0, -10.044659024856369, -67.22391311731906, 28.904680660269555
545.0, 8.492122804145227, 7.100968450893134, 19.754940769370627
746.0, 5.7591570343056055, -64.85339538617283, 15.210482955846896
867.0, 8.864648144560382, 7.529766456902002, 26.99237336209141
690.0, -59.42184194356687, -11.049235329092417, 10.529819632836398
517.0, 9.155724527191971, 6.593250230541835, 12.570806205293426
512.0, 9.592653450484073, 7.743540642515218, 31.55232011286686
225.0, -64.11723193090374, -0.9130248369859019, 28.293737467076024
548.0, 9.857390102345436, 9.497570260409438, 1.933936511233174
390.0, 8.861598300669392, -36.27084423264538, 28.278899997931376
586.0, 7.12980046058733, -5.934021547313094, 20.605960431478458
794.0, -31.268505486700057, -44.294784969710385, 3.466615285863491
67.0, 4.4798537004135035, -66.56292234779679, 15.475708592894456
173.0, -31.29965397957673, 9.360190713783675, 11.071554116561895
735.0, 9.748239035178516, -53.245400319987574, 13.972536784158306
142.0, 9.08160808240232, 10.651997665268125, 12.164282055315775
233.0, 9.946513821318687, 10.768283316723652, 5.641468061266212
417.0, -8.319150822230222, -67.13441004373308, 13.801931349190664
604.0, -63.24663266100954, 2.0853057840802736, 28.60418187984784
590.0, 7.511828266781723, -55.85389333786859, 1.60856826589993
526.0, 6.04260557548904, -47.97936454437454, 1.2130673163943981
93.0, -61.41041230365939, -6.45942325316912, 5.464946653285711
686.0, 7.770487941488508, -1.2726230864016959, 27.16543793689024
294.0, 10.34381725089863, -49.8897211426188, 13.799663614740574
845.0, -22.515853549787813, 11.233454611017873, 30.958163331302277
499.0, 11.038908880178667, -38.031532227542556, 7.178802650471546
455.0, -46.29964240171871, 7.312892457289967, 10.8576596012852
97.0, 3.1255615086309705, -67.82170053426712, 21.26900965671482
312.0, 4.265101932759279, 9.252933258836826, 26.50363701149849
1.0, 8.949490303512365, 9.262339440815216, 19.852609024565997
33.0, 7.22475655265465, 9.699331679552367, 2.1247354294061553
608.0, -56.716249916406014, -14.024498367987944, 29.951499016839513
697.0, -61.54641110438524, -6.160211061356341, 5.49846111667001
381.0, -2.8486088209743685, -67.01237969120047, 7.921809022149692
717.0, 8.032938830013347, -10.952637607020883, 26.943759302682185
292.0, 8.933439297131953, 8.983208842047356, 19.837736957552803
812.0, 9.430637984904614, -16.488064934083305, 32.45949986170719
361.0, -36.03083488191781, -41.634540978280725, 9.858379675806647
88.0, 8.675170611071431, 9.73040844291899, 1.9829161096434889
654.0, 7.21367674843838, -63.074847925197886, 9.133270953312348
664.0, 7.883909519420543, 9.334245963655974, 26.70002162805942
801.0, 6.871544104004797, -51.919245919457786, 1.3279314756611462
191.0, 10.654136890562505, -39.786986801693836, 14.43021970408961
11.0, 6.746625464211572, 10.48906636940092, 12.091018087407392
739.0, 0.16520094240468455, -69.07095903849785, 21.48853562549798
760.0, 7.207978296952626, -8.790551958564283, 20.431767610093925
633.0, -35.04999919721586, 10.516106353763297, 25.494833367498536
421.0, -63.45533617833325, -2.875144204678048, 28.568183090018714
834.0, 0.3458321334362843, -65.44381334012428, 3.7681751356893063
406.0, -48.54266038465693, 9.038104266821545, 24.924280032986253
153.0, 8.419129223345092, 9.317616482569674, 31.511607154241762
708.0, 10.13905414167719, -49.90418246977563, 8.069339626482446
434.0, -25.227043004546182, -48.844795332262585, 3.001054259032454
681.0, 11.058289534638112, 8.555232020192406, 5.991561902041505
896.0, -2.2861595137642086, 10.267155768879629, 26.31134046242373
833.0, 10.570499964733706, 8.545765913244214, 1.9625209850802627
119.0, -30.86407027339372, -49.09742273145995, 22.808532955215675
555.0, -65.42517351323663, 0.973983188157603, 11.031881536772344
800.0, 2.7491413829863487, 10.235579532634837, 6.047851570983994
568.0, -60.635713572213405, 5.799306363508536, 4.988149310255806
266.0, 7.832177889524318, -8.935782340987013, 27.0682195410429
188.0, -9.694661280723608, -68.27941935931983, 22.053636028849002
57.0, 11.258923660460056, -33.67012860639807, 7.4867945947842465
814.0, -62.910792228067315, 4.1282804160301, 5.307697633216292
71.0, -62.16093196896997, 5.490490033348072, 18.310183566650753
218.0, -38.573188911854956, 9.534285126340889, 17.504326396735376
828.0, 12.278110549788698, -10.182148866909458, 3.0528031855501134
159.0, 6.465607501078607, 10.643003851738268, 5.7839612323703475
623.0, -26.903503239758752, 9.875514609155829, 10.950920624078144
388.0, 9.362051374895168, -31.430685620304708, 32.802807844837695
272.0, 8.27883143680183, -11.828654194733694, 26.940991001570232
561.0, -7.286858701512481, -65.17798411286384, 8.514006381951635
122.0, 10.691200673782404, -41.04159059274128, 14.341808709808967
454.0, -58.70404205493981, -11.852884519005533, 5.027010453510271
642.0, 8.487351826353962, 7.050342714860889, 19.756252904736936
362.0, -14.633721894401337, 10.789867709398312, 10.93656597712422
358.0, 11.630714568552962, 0.8396807229818655, 2.477157240842589
712.0, 7.498770580772278, -57.8540273073692, 32.836045525660694
203.0, -64.63742505760017, 0.23582689271130497, 6.461252585533577
589.0, 3.947022200631412, 9.482303516339073, 2.407151800971305
774.0, 7.755817693906666, -3.486405570710048, 27.177987678769796
35.0, -58.64257535735895, -10.506696475758263, 29.989659874708384
405.0, 10.597554379709623, 8.451502291229895, 1.9644863953794667
245.0, -62.839783965154076, 4.184954841457414, 5.291157882770676
331.0, -58.99768199961823, 6.481215288138439, 18.22680243661591
440.0, -30.6702443806081, 10.319617348710617, 17.990444353276065
457.0, -54.49452217858727, 5.982867943855039, 9.82331527302131
330.0, -8.589341921717697, -67.72650790938503, 13.27414274693548
195.0, 9.500017841137195, -55.1698579497697, 21.119715385553743
769.0, -5.382776456378746, -68.61744262602825, 28.300996740302125
652.0, -39.86027144923922, 6.5653346417117735, 4.153130226309243
689.0, -58.111629112064534, 5.394696642007805, 9.080482426095648
186.0, 7.166391829096274, -61.841501327505966, 2.418218858864763
133.0, 8.448417074867566, 9.866174304270515, 19.7136588909593
489.0, -62.777642368234915, -3.5894357152424545, 10.576253849213145
721.0, 7.285531664096906, -3.476268047411512, 20.39348099077386
363.0, -33.923553263052014, -44.21951488437847, 29.015049377084075
771.0, -51.43536893608019, -28.631688149566635, 22.61331401832561
324.0, -64.09822094472112, -0.4732328779260047, 28.374433891899493
242.0, 1.4832899662457566, 10.578797995424882, 12.08278979345644
781.0, -65.08461202250717, -6.400914339342726, 22.947339922088947
241.0, -66.02198992458987, 2.1439933430844884, 11.479883379814954
541.0, 7.629189735682057, -59.60292176241289, 2.053953544938567
733.0, 10.441508076106949, 4.610252480781275, 6.725801850661009
848.0, -31.230229442554233, 10.580918570594342, 30.611135116853127
284.0, -63.84581702598871, -2.0953247104877972, 28.348259974147975
328.0, -10.304866536022878, -64.8259460493842, 16.229658170501988
659.0, 9.307892267085377, 10.806582099365071, 5.676637075128766
216.0, 4.1211955257992745, -66.67167239869354, 9.624940442900476
354.0, -61.63709510917483, 7.248975447758503, 8.38496640795901
46.0, 8.342831121488752, 9.332891244107394, 31.518768266856156
714.0, -14.06695193731179, 10.6924831978669, 30.97329228949814
612.0, 6.210801327537292, -64.73197623828067, 9.027479985109988
210.0, -64.08920782763786, -1.4730035907556616, 10.550274848619098
127.0, -10.073496141872312, 10.897506594100177, 18.255539765652802
560.0, 8.725361451316033, 9.26601569228776, 31.480718007725063
616.0, -58.91646656013927, -11.470285703645887, 5.046240163920724
3.0, 8.096395971904016, 4.921879394084765, 19.849484053051956
480.0, -64.67553037210146, 3.3448277762820626, 25.1297776625788
280.0, 9.791677883936522, -52.995755207815705, 8.5096507997997
200.0, -1.9171495366321687, 10.218897594405487, 26.334878978862843
676.0, -66.10569649557866, 2.3524344330688796, 11.517177979384066
220.0, 12.075521668216972, -10.72740864761809, 8.314955373592545
253.0, 9.675181200778413, -13.491875557738997, 14.021845009667052
865.0, -66.46498054156696, 1.1424523648283422, 23.804990413759327
582.0, -37.636211305124455, 6.658450157829042, 4.577214283973903
87.0, -35.209348275937685, -43.48590147599923, 18.368498128040162
45.0, 6.622852746500258, -63.22874039104458, 14.975981352696973
420.0, -65.83804769002558, 5.109550667696227, 10.684952538504506
539.0, 8.587320328710103, -13.007856580598416, 26.952266068657615
743.0, 10.059757171570116, -43.005029855503444, 20.914476120041115
172.0, -63.52825628400572, -2.4260492982523756, 10.55383396172781
504.0, 7.357405071544192, 9.702459000585833, 2.1106643036079618
254.0, 9.248518503060913, -35.3424002461712, 21.22788853549334
44.0, 7.432884016723977, 9.789139275423244, 19.45445485000581
221.0, 8.919209388057078, 8.934477807689058, 19.833132163758677
169.0, -63.52220866472675, 3.634898599834912, 5.488979540802145
152.0, 8.660455694424487, 6.618040685203419, 27.0518381512583
314.0, 9.0780983878938, -33.1833403576991, 21.138091021762914
893.0, 2.7614033839315266, 9.45929921664939, 26.52064908126104
593.0, -63.0835738539298, -2.888491598948973, 5.9995453105450025
90.0, -13.599255658898086, -59.82710465985256, 3.7345363928060378
301.0, 6.5496075698055805, 9.29203957867308, 26.596626257135036
435.0, -9.397900870299734, -65.38310566476186, 16.244593729684826
711.0, 6.6401104440317305, 9.405372830595397, 31.64731863010819
244.0, 11.132232305893288, 9.215572266050492, 5.881861166026805
34.0, -5.140281798119647, -68.57975769235001, 16.198728759490486
650.0, -65.12264076900009, -0.40698403277809475, 15.979989448735168
850.0, -22.70791979159371, -54.38417016974767, 7.460178132319856
614.0, -33.90161111944302, -45.632319528939966, 23.109883435381235
446.0, 7.304410540667401, -54.22983499517742, 1.4726415520045122
620.0, -43.80935011542374, -31.250116682927708, 29.46887749931667
463.0, -43.526416623507764, -38.35163230766507, 22.563939407340584
132.0, -65.01048577326482, -0.7160958061706542, 15.872447108188851
687.0, 11.136452967746415, 10.003042137360291, 5.766707514554952
229.0, 10.356046631926578, 9.024662099017025, 1.9498302237270106
532.0, -4.326143948608035, -64.24397619675618, 4.031167552424602
611.0, 3.761662354173237, 10.342502424136642, 6.003503803153079
235.0, -55.62114527314068, -15.54034225851143, 30.082649980544897
364.0, -37.97680936653521, 9.993102721185672, 30.069379345938682
514.0, 7.855978622823412, -9.73238921052686, 27.006847791053932
91.0, -18.753834731810763, 11.216141950060667, 25.67038260442605
175.0, -14.633281407425942, -60.337276493391194, 7.5767992118695515
898.0, 7.380406773134957, 9.701969658869032, 2.1080414439435797
598.0, 12.00496879290421, -2.8541328397298718, 2.7442188870029396
274.0, -59.34921278391272, -9.43879227621925, 29.85356723604067
752.0, 11.137676722717874, 9.952640061615776, 5.770818517404057
148.0, -29.86001976480296, 10.642446108631146, 30.630038374277206
706.0, -35.4472272900502, 10.31679799778567, 30.2288321769644
777.0, -7.465474770510829, 10.645817637787012, 10.90001038415092
557.0, -63.91721679276714, 0.5151244631038103, 28.56805557655292
21.0, 7.652905251869973, -59.13318109376602, 1.987112230024288
206.0, 4.372848486445972, 9.422251822195562, 31.668154471177594
5.0, -49.737239326108096, 8.102000058538172, 29.636328290987766
505.0, 10.956688830373064, -17.53979807336385, 3.110780933574786
873.0, -2.5172159940036907, -67.59742581581446, 10.918834689178652
397.0, -7.862486331801725, 10.824769120145008, 18.38220565224504
202.0, 8.689533811450094, 9.270027127493726, 31.48486989892923
419.0, 11.638529359394077, 0.652592011597408, 2.491088775747442
787.0, -52.720970570517245, -26.972318854100525, 22.79685791065429
461.0, -37.48113445542759, 10.315244446241408, 25.445526040803994
103.0, 8.318696993513932, 3.2236989908403704, 12.872320514074989
819.0, 10.957914117972361, 6.393226212383509, 2.009891533910788
112.0, 12.0825234283312, -13.688072396228632, 7.943400358752474
647.0, 9.044530799955895, 6.30378378326772, 12.57108646192757
25.0, 7.25852797586556, -61.6000645044513, 2.3747131909598904
563.0, 8.046356446420662, -18.780743794790602, 19.35491715291476
99.0, -66.58780062396386, 3.073435265912082, 17.07115826870483
289.0, 8.82643724724755, 0.9783721490500082, 31.72488328722978
870.0, 8.354860303414023, -1.6621825277296103, 13.658080118135153
196.0, 11.418708005835015, 2.6205308764499473, 2.3082820095732677
859.0, 9.32512890870239, 6.2238596096208605, 31.716206043417554
230.0, -53.090924145630126, 8.19733976488255, 24.89924465754413
607.0, 8.791870291094604, -35.70320221704822, 28.27067724282747
503.0, -59.793947637581496, 6.172721300595342, 25.358381815954484
396.0, 7.940469027281312, 9.321290215218255, 26.702662476969955
492.0, -65.61523361702561, 1.0159957930765693, 16.61341454737974
709.0, 9.433725482171551, 8.899869409742998, 31.433187488600428
391.0, 10.251902325650157, 10.75492004563025, 5.628911595444723
